# phase	slug	core_description	observer_description	predecessor_slug	next_slug
99	openclaw-cloud-consciousness-live-provider-credential-value-local-read-execution-local-read-attempt-local-read-result-envelope-route	credential value local read execution local read attempt local read result envelope route	credential value local read execution local read attempt local read result envelope route	openclaw-cloud-consciousness-live-provider-credential-value-local-read-execution-local-read-attempt-local-read-final-readiness-preflight	openclaw-cloud-consciousness-live-provider-credential-value-local-read-execution-local-read-attempt-local-read-result-envelope-task-shell
100	openclaw-cloud-consciousness-live-provider-credential-value-local-read-execution-local-read-attempt-local-read-result-envelope-task-shell	approval-gated credential value local read execution local read attempt local read result envelope task shell	credential value local read execution local read attempt local read result envelope task shell	openclaw-cloud-consciousness-live-provider-credential-value-local-read-execution-local-read-attempt-local-read-result-envelope-route	openclaw-cloud-consciousness-live-provider-credential-value-local-read-execution-local-read-attempt-local-read-result-envelope-approved-deferred
101	openclaw-cloud-consciousness-live-provider-credential-value-local-read-execution-local-read-attempt-local-read-result-envelope-approved-deferred	approved deferred credential value local read execution local read attempt local read result envelope evidence	credential value local read execution local read attempt local read result envelope approved deferred evidence	openclaw-cloud-consciousness-live-provider-credential-value-local-read-execution-local-read-attempt-local-read-result-envelope-task-shell	openclaw-cloud-consciousness-live-provider-credential-value-local-read-execution-local-read-attempt-local-read-result-envelope-final-readiness-preflight
102	openclaw-cloud-consciousness-live-provider-credential-value-local-read-execution-local-read-attempt-local-read-result-envelope-final-readiness-preflight	credential value local read execution local read attempt local read result envelope final readiness preflight	credential value local read execution local read attempt local read result envelope final readiness preflight	openclaw-cloud-consciousness-live-provider-credential-value-local-read-execution-local-read-attempt-local-read-result-envelope-approved-deferred	openclaw-cloud-consciousness-live-provider-credential-value-local-read-execution-local-read-attempt-local-read-result-envelope-creation-route
103	openclaw-cloud-consciousness-live-provider-credential-value-local-read-execution-local-read-attempt-local-read-result-envelope-creation-route	credential value local read execution local read attempt local read result envelope creation route	credential value local read execution local read attempt local read result envelope creation route	openclaw-cloud-consciousness-live-provider-credential-value-local-read-execution-local-read-attempt-local-read-result-envelope-final-readiness-preflight	openclaw-cloud-consciousness-live-provider-credential-value-local-read-execution-local-read-attempt-local-read-result-envelope-creation-task-shell
104	openclaw-cloud-consciousness-live-provider-credential-value-local-read-execution-local-read-attempt-local-read-result-envelope-creation-task-shell	approval-gated credential value local read execution local read attempt local read result envelope creation task shell	credential value local read execution local read attempt local read result envelope creation task shell	openclaw-cloud-consciousness-live-provider-credential-value-local-read-execution-local-read-attempt-local-read-result-envelope-creation-route	openclaw-cloud-consciousness-live-provider-credential-value-local-read-execution-local-read-attempt-local-read-result-envelope-creation-approved-deferred
105	openclaw-cloud-consciousness-live-provider-credential-value-local-read-execution-local-read-attempt-local-read-result-envelope-creation-approved-deferred	approved deferred credential value local read execution local read attempt local read result envelope creation evidence	credential value local read execution local read attempt local read result envelope creation approved deferred evidence	openclaw-cloud-consciousness-live-provider-credential-value-local-read-execution-local-read-attempt-local-read-result-envelope-creation-task-shell	openclaw-cloud-consciousness-live-provider-credential-value-local-read-execution-local-read-attempt-local-read-result-envelope-creation-final-readiness-preflight
106	openclaw-cloud-consciousness-live-provider-credential-value-local-read-execution-local-read-attempt-local-read-result-envelope-creation-final-readiness-preflight	credential value local read execution local read attempt local read result envelope creation final readiness preflight	credential value local read execution local read attempt local read result envelope creation final readiness preflight	openclaw-cloud-consciousness-live-provider-credential-value-local-read-execution-local-read-attempt-local-read-result-envelope-creation-approved-deferred	openclaw-cloud-consciousness-live-provider-credential-value-local-read-execution-local-read-attempt-local-read-result-envelope-creation-execution-route
107	openclaw-cloud-consciousness-live-provider-credential-value-local-read-execution-local-read-attempt-local-read-result-envelope-creation-execution-route	credential value local read execution local read attempt local read result envelope creation execution route	credential value local read execution local read attempt local read result envelope creation execution route	openclaw-cloud-consciousness-live-provider-credential-value-local-read-execution-local-read-attempt-local-read-result-envelope-creation-final-readiness-preflight	openclaw-cloud-consciousness-live-provider-credential-value-local-read-execution-local-read-attempt-local-read-result-envelope-creation-execution-task-shell
108	openclaw-cloud-consciousness-live-provider-credential-value-local-read-execution-local-read-attempt-local-read-result-envelope-creation-execution-task-shell	approval-gated credential value local read execution local read attempt local read result envelope creation execution task shell	credential value local read execution local read attempt local read result envelope creation execution task shell	openclaw-cloud-consciousness-live-provider-credential-value-local-read-execution-local-read-attempt-local-read-result-envelope-creation-execution-route	openclaw-cloud-consciousness-live-provider-credential-value-local-read-execution-local-read-attempt-local-read-result-envelope-creation-execution-approved-deferred
109	openclaw-cloud-consciousness-live-provider-credential-value-local-read-execution-local-read-attempt-local-read-result-envelope-creation-execution-approved-deferred	approved deferred credential value local read execution local read attempt local read result envelope creation execution evidence	credential value local read execution local read attempt local read result envelope creation execution approved deferred evidence	openclaw-cloud-consciousness-live-provider-credential-value-local-read-execution-local-read-attempt-local-read-result-envelope-creation-execution-task-shell	openclaw-cloud-consciousness-live-provider-credential-value-local-read-execution-local-read-attempt-local-read-result-envelope-creation-execution-final-readiness-preflight
110	openclaw-cloud-consciousness-live-provider-credential-value-local-read-execution-local-read-attempt-local-read-result-envelope-creation-execution-final-readiness-preflight	credential value local read execution local read attempt local read result envelope creation execution final readiness preflight	credential value local read execution local read attempt local read result envelope creation execution final readiness preflight	openclaw-cloud-consciousness-live-provider-credential-value-local-read-execution-local-read-attempt-local-read-result-envelope-creation-execution-approved-deferred	openclaw-cloud-consciousness-live-provider-credential-value-local-read-execution-local-read-attempt-local-read-result-envelope-creation-execution-attempt-route
111	openclaw-cloud-consciousness-live-provider-credential-value-local-read-execution-local-read-attempt-local-read-result-envelope-creation-execution-attempt-route	credential value local read execution local read attempt local read result envelope creation execution attempt route	credential value local read execution local read attempt local read result envelope creation execution attempt route	openclaw-cloud-consciousness-live-provider-credential-value-local-read-execution-local-read-attempt-local-read-result-envelope-creation-execution-final-readiness-preflight	openclaw-cloud-consciousness-live-provider-credential-value-local-read-execution-local-read-attempt-local-read-result-envelope-creation-execution-attempt-task-shell
112	openclaw-cloud-consciousness-live-provider-credential-value-local-read-execution-local-read-attempt-local-read-result-envelope-creation-execution-attempt-task-shell	credential value local read execution local read attempt local read result envelope creation execution attempt task shell	credential value local read execution local read attempt local read result envelope creation execution attempt task shell	openclaw-cloud-consciousness-live-provider-credential-value-local-read-execution-local-read-attempt-local-read-result-envelope-creation-execution-attempt-route	openclaw-cloud-consciousness-live-provider-credential-value-local-read-execution-local-read-attempt-local-read-result-envelope-creation-execution-attempt-approved-deferred
113	openclaw-cloud-consciousness-live-provider-credential-value-local-read-execution-local-read-attempt-local-read-result-envelope-creation-execution-attempt-approved-deferred	credential value local read execution local read attempt local read result envelope creation execution attempt approved deferred evidence	credential value local read execution local read attempt local read result envelope creation execution attempt approved deferred evidence	openclaw-cloud-consciousness-live-provider-credential-value-local-read-execution-local-read-attempt-local-read-result-envelope-creation-execution-attempt-task-shell	openclaw-cloud-consciousness-live-provider-credential-value-local-read-execution-local-read-attempt-local-read-result-envelope-creation-execution-attempt-final-readiness-preflight
114	openclaw-cloud-consciousness-live-provider-credential-value-local-read-execution-local-read-attempt-local-read-result-envelope-creation-execution-attempt-final-readiness-preflight	credential value local read execution local read attempt local read result envelope creation execution attempt final readiness preflight	credential value local read execution local read attempt local read result envelope creation execution attempt final readiness preflight	openclaw-cloud-consciousness-live-provider-credential-value-local-read-execution-local-read-attempt-local-read-result-envelope-creation-execution-attempt-approved-deferred	openclaw-cloud-consciousness-live-provider-credential-value-local-read-execution-local-read-attempt-local-read-result-envelope-creation-execution-attempt-local-read-route
115	openclaw-cloud-consciousness-live-provider-credential-value-local-read-execution-local-read-attempt-local-read-result-envelope-creation-execution-attempt-local-read-route	credential value local read execution local read attempt local read result envelope creation execution attempt local-read route	credential value local read execution local read attempt local read result envelope creation execution attempt local-read route	openclaw-cloud-consciousness-live-provider-credential-value-local-read-execution-local-read-attempt-local-read-result-envelope-creation-execution-attempt-final-readiness-preflight	openclaw-cloud-consciousness-live-provider-credential-value-local-read-execution-local-read-attempt-local-read-result-envelope-creation-execution-attempt-local-read-task-shell
116	openclaw-cloud-consciousness-live-provider-credential-value-local-read-execution-local-read-attempt-local-read-result-envelope-creation-execution-attempt-local-read-task-shell	credential value local read execution local read attempt local read result envelope creation execution attempt local-read task shell	credential value local read execution local read attempt local read result envelope creation execution attempt local-read task shell	openclaw-cloud-consciousness-live-provider-credential-value-local-read-execution-local-read-attempt-local-read-result-envelope-creation-execution-attempt-local-read-route	openclaw-cloud-consciousness-live-provider-credential-value-local-read-execution-local-read-attempt-local-read-result-envelope-creation-execution-attempt-local-read-approved-deferred
117	openclaw-cloud-consciousness-live-provider-credential-value-local-read-execution-local-read-attempt-local-read-result-envelope-creation-execution-attempt-local-read-approved-deferred	credential value local read execution local read attempt local read result envelope creation execution attempt local-read approved deferred evidence	credential value local read execution local read attempt local read result envelope creation execution attempt local-read approved deferred evidence	openclaw-cloud-consciousness-live-provider-credential-value-local-read-execution-local-read-attempt-local-read-result-envelope-creation-execution-attempt-local-read-task-shell	openclaw-cloud-consciousness-live-provider-credential-value-local-read-execution-local-read-attempt-local-read-result-envelope-creation-execution-attempt-local-read-final-readiness-preflight
118	openclaw-cloud-consciousness-live-provider-credential-value-local-read-execution-local-read-attempt-local-read-result-envelope-creation-execution-attempt-local-read-final-readiness-preflight	credential value local read execution local read attempt local read result envelope creation execution attempt local-read final readiness preflight	credential value local read execution local read attempt local read result envelope creation execution attempt local-read final readiness preflight	openclaw-cloud-consciousness-live-provider-credential-value-local-read-execution-local-read-attempt-local-read-result-envelope-creation-execution-attempt-local-read-approved-deferred	openclaw-cloud-consciousness-live-provider-credential-value-local-read-execution-local-read-attempt-local-read-result-envelope-creation-execution-attempt-local-read-result-envelope-route
119	openclaw-cloud-consciousness-live-provider-credential-value-local-read-execution-local-read-attempt-local-read-result-envelope-creation-execution-attempt-local-read-result-envelope-route	credential value local read execution local read attempt local read result envelope creation execution attempt local-read result envelope route	credential value local read execution local read attempt local read result envelope creation execution attempt local-read result envelope route	openclaw-cloud-consciousness-live-provider-credential-value-local-read-execution-local-read-attempt-local-read-result-envelope-creation-execution-attempt-local-read-final-readiness-preflight	openclaw-cloud-consciousness-live-provider-credential-value-local-read-execution-local-read-attempt-local-read-result-envelope-creation-execution-attempt-local-read-result-envelope-task-shell
120	openclaw-cloud-consciousness-live-provider-credential-value-local-read-execution-local-read-attempt-local-read-result-envelope-creation-execution-attempt-local-read-result-envelope-task-shell	approval-gated credential value local read execution local read attempt local read result envelope creation execution attempt local-read result envelope task shell	credential value local read execution local read attempt local read result envelope creation execution attempt local-read result envelope task shell	openclaw-cloud-consciousness-live-provider-credential-value-local-read-execution-local-read-attempt-local-read-result-envelope-creation-execution-attempt-local-read-result-envelope-route	openclaw-cloud-consciousness-live-provider-credential-value-local-read-execution-local-read-attempt-local-read-result-envelope-creation-execution-attempt-local-read-result-envelope-approved-deferred
121	openclaw-cloud-consciousness-live-provider-credential-value-local-read-execution-local-read-attempt-local-read-result-envelope-creation-execution-attempt-local-read-result-envelope-approved-deferred	credential value local read execution local read attempt local read result envelope creation execution attempt local-read result envelope approved deferred evidence	credential value local read execution local read attempt local read result envelope creation execution attempt local-read result envelope approved deferred evidence	openclaw-cloud-consciousness-live-provider-credential-value-local-read-execution-local-read-attempt-local-read-result-envelope-creation-execution-attempt-local-read-result-envelope-task-shell	openclaw-cloud-consciousness-live-provider-credential-value-local-read-execution-local-read-attempt-local-read-result-envelope-creation-execution-attempt-local-read-result-envelope-final-readiness-preflight
122	openclaw-cloud-consciousness-live-provider-credential-value-local-read-execution-local-read-attempt-local-read-result-envelope-creation-execution-attempt-local-read-result-envelope-final-readiness-preflight	credential value local read execution local read attempt local-read result envelope creation execution attempt local-read result envelope final readiness preflight	credential value local read execution local read attempt local-read result envelope creation execution attempt local-read result envelope final readiness preflight	openclaw-cloud-consciousness-live-provider-credential-value-local-read-execution-local-read-attempt-local-read-result-envelope-creation-execution-attempt-local-read-result-envelope-approved-deferred	openclaw-cloud-consciousness-live-provider-credential-value-local-read-execution-local-read-attempt-local-read-result-envelope-creation-execution-attempt-local-read-result-envelope-creation-route
123	openclaw-cloud-consciousness-live-provider-credential-value-local-read-execution-local-read-attempt-local-read-result-envelope-creation-execution-attempt-local-read-result-envelope-creation-route	credential value local read execution local read attempt local-read result envelope creation execution attempt local-read result envelope creation route	credential value local read execution local read attempt local-read result envelope creation execution attempt local-read result envelope creation route	openclaw-cloud-consciousness-live-provider-credential-value-local-read-execution-local-read-attempt-local-read-result-envelope-creation-execution-attempt-local-read-result-envelope-final-readiness-preflight	openclaw-cloud-consciousness-live-provider-credential-value-local-read-execution-local-read-attempt-local-read-result-envelope-creation-execution-attempt-local-read-result-envelope-creation-task-shell
124	openclaw-cloud-consciousness-live-provider-credential-value-local-read-execution-local-read-attempt-local-read-result-envelope-creation-execution-attempt-local-read-result-envelope-creation-task-shell	approval-gated credential value local read execution local-read attempt local-read result envelope creation execution attempt local-read result envelope creation task shell	credential value local read execution local read attempt local-read result envelope creation execution attempt local-read result envelope creation task shell	openclaw-cloud-consciousness-live-provider-credential-value-local-read-execution-local-read-attempt-local-read-result-envelope-creation-execution-attempt-local-read-result-envelope-creation-route	openclaw-cloud-consciousness-live-provider-credential-value-local-read-execution-local-read-attempt-local-read-result-envelope-creation-execution-attempt-local-read-result-envelope-creation-approved-deferred
125	openclaw-cloud-consciousness-live-provider-credential-value-local-read-execution-local-read-attempt-local-read-result-envelope-creation-execution-attempt-local-read-result-envelope-creation-approved-deferred	credential value local read execution local-read attempt local-read result envelope creation execution attempt local-read result envelope creation approved deferred evidence	credential value local read execution local read attempt local-read result envelope creation execution attempt local-read result envelope creation approved deferred evidence	openclaw-cloud-consciousness-live-provider-credential-value-local-read-execution-local-read-attempt-local-read-result-envelope-creation-execution-attempt-local-read-result-envelope-creation-task-shell	openclaw-cloud-consciousness-live-provider-credential-value-local-read-execution-local-read-attempt-local-read-result-envelope-creation-execution-attempt-local-read-result-envelope-creation-final-readiness-preflight
126	openclaw-cloud-consciousness-live-provider-credential-value-local-read-execution-local-read-attempt-local-read-result-envelope-creation-execution-attempt-local-read-result-envelope-creation-final-readiness-preflight	credential value local read execution local-read attempt local-read result envelope creation execution attempt local-read result envelope creation final readiness preflight	credential value local read execution local read attempt local-read result envelope creation execution attempt local-read result envelope creation final readiness preflight	openclaw-cloud-consciousness-live-provider-credential-value-local-read-execution-local-read-attempt-local-read-result-envelope-creation-execution-attempt-local-read-result-envelope-creation-approved-deferred	openclaw-cloud-consciousness-live-provider-credential-value-local-read-execution-local-read-attempt-local-read-result-envelope-creation-execution-attempt-local-read-result-envelope-creation-execution-route
127	openclaw-cloud-consciousness-live-provider-credential-value-local-read-execution-local-read-attempt-local-read-result-envelope-creation-execution-attempt-local-read-result-envelope-creation-execution-route	credential value local read execution local-read attempt local-read result envelope creation execution attempt local-read result envelope creation execution route	credential value local read execution local read attempt local-read result envelope creation execution attempt local-read result envelope creation execution route	openclaw-cloud-consciousness-live-provider-credential-value-local-read-execution-local-read-attempt-local-read-result-envelope-creation-execution-attempt-local-read-result-envelope-creation-final-readiness-preflight	openclaw-cloud-consciousness-live-provider-credential-value-local-read-execution-local-read-attempt-local-read-result-envelope-creation-execution-attempt-local-read-result-envelope-creation-execution-task-shell
128	openclaw-cloud-consciousness-live-provider-credential-value-local-read-execution-local-read-attempt-local-read-result-envelope-creation-execution-attempt-local-read-result-envelope-creation-execution-task-shell	approval-gated credential value local read execution local-read attempt local-read result envelope creation execution attempt local-read result envelope creation execution task shell	credential value local read execution local read attempt local-read result envelope creation execution attempt local-read result envelope creation execution task shell	openclaw-cloud-consciousness-live-provider-credential-value-local-read-execution-local-read-attempt-local-read-result-envelope-creation-execution-attempt-local-read-result-envelope-creation-execution-route	openclaw-cloud-consciousness-live-provider-credential-value-local-read-execution-local-read-attempt-local-read-result-envelope-creation-execution-attempt-local-read-result-envelope-creation-execution-approved-deferred
129	openclaw-cloud-consciousness-live-provider-credential-value-local-read-execution-local-read-attempt-local-read-result-envelope-creation-execution-attempt-local-read-result-envelope-creation-execution-approved-deferred	credential value local read execution local-read attempt local-read result envelope creation execution attempt local-read result envelope creation execution approved deferred evidence	credential value local read execution local read attempt local-read result envelope creation execution attempt local-read result envelope creation execution approved deferred evidence	openclaw-cloud-consciousness-live-provider-credential-value-local-read-execution-local-read-attempt-local-read-result-envelope-creation-execution-attempt-local-read-result-envelope-creation-execution-task-shell	openclaw-cloud-consciousness-live-provider-credential-value-local-read-execution-local-read-attempt-local-read-result-envelope-creation-execution-attempt-local-read-result-envelope-creation-execution-final-readiness-preflight
130	openclaw-cloud-consciousness-live-provider-credential-value-local-read-execution-local-read-attempt-local-read-result-envelope-creation-execution-attempt-local-read-result-envelope-creation-execution-final-readiness-preflight	credential value local read execution local-read attempt local-read result envelope creation execution attempt local-read result envelope creation execution final readiness preflight	credential value local read execution local read attempt local-read result envelope creation execution attempt local-read result envelope creation execution final readiness preflight	openclaw-cloud-consciousness-live-provider-credential-value-local-read-execution-local-read-attempt-local-read-result-envelope-creation-execution-attempt-local-read-result-envelope-creation-execution-approved-deferred	openclaw-cloud-consciousness-live-provider-credential-value-local-read-execution-local-read-attempt-local-read-result-envelope-creation-execution-attempt-local-read-result-envelope-creation-execution-attempt-route
